seg_id,country_id,pro_id,disb_id,trans_id,sale_price,units_sold,profit,tanggal
S11,C101,P11,D41 ,0,20.0,1618.50,16185.0,2014-01-01
S11,C102,P11,D41 ,1,20.0,1321.00,13210.0,2014-01-01
S12,C103,P11,D41 ,2,15.0,2178.00,10890.0,2014-06-01
S12,C102,P11,D41 ,3,15.0,888.00,4440.0,2014-06-01
S12,C104,P11,D41 ,4,15.0,2470.00,12350.0,2014-06-01
S11,C102,P11,D41 ,5,350.0,1513.00,136170.0,2014-12-01
S12,C102,P12,D41 ,6,15.0,921.00,4605.0,2014-03-01
S13,C101,P12,D41 ,7,12.0,2518.00,22662.0,2014-06-01
S11,C103,P12,D41 ,8,20.0,1899.00,18990.0,2014-06-01
S13,C102,P12,D41 ,9,12.0,1545.00,13905.0,2014-06-01
S12,C104,P12,D41 ,10,15.0,2470.00,12350.0,2014-06-01
S14,C101,P12,D41 ,11,125.0,2665.50,13327.5,2014-07-01
S15,C104,P12,D41 ,12,300.0,958.00,47900.0,2014-08-01
S11,C102,P12,D41 ,13,7.0,2146.00,4292.0,2014-09-01
S14,C101,P12,D41 ,14,125.0,345.00,1725.0,2013-10-01
S12,C105,P12,D41 ,15,15.0,615.00,3075.0,2014-12-01
S11,C101,P13,D41 ,16,20.0,292.00,2920.0,2014-02-01
S12,C104,P13,D41 ,17,15.0,974.00,4870.0,2014-02-01
S13,C101,P13,D41 ,18,12.0,2518.00,22662.0,2014-06-01
S11,C102,P13,D41 ,19,350.0,1006.00,90540.0,2014-06-01
S13,C102,P13,D41 ,20,12.0,367.00,3303.0,2014-07-01
S11,C104,P13,D41 ,21,7.0,883.00,1766.0,2014-08-01
S12,C103,P13,D41 ,22,15.0,549.00,2745.0,2013-09-01
S15,C104,P13,D41 ,23,300.0,788.00,39400.0,2013-09-01
S12,C104,P13,D41 ,24,15.0,2472.00,12360.0,2014-09-01
S11,C105,P13,D41 ,25,7.0,1143.00,2286.0,2014-10-01
S11,C101,P13,D41 ,26,350.0,1725.00,155250.0,2013-11-01
S13,C105,P13,D41 ,27,12.0,912.00,8208.0,2013-11-01
S12,C101,P13,D41 ,28,15.0,2152.00,10760.0,2013-12-01
S11,C101,P13,D41 ,29,20.0,1817.00,18170.0,2014-12-01
S11,C102,P13,D41 ,30,350.0,1513.00,136170.0,2014-12-01
S11,C104,P14,D41 ,31,7.0,1493.00,2986.0,2014-01-01
S14,C103,P14,D41 ,32,125.0,1804.00,9020.0,2014-02-01
S13,C102,P14,D41 ,33,12.0,2161.00,19449.0,2014-03-01
S11,C102,P14,D41 ,34,350.0,1006.00,90540.0,2014-06-01
S13,C102,P14,D41 ,35,12.0,1545.00,13905.0,2014-06-01
S14,C105,P14,D41 ,36,125.0,2821.00,14105.0,2014-08-01
S14,C101,P14,D41 ,37,125.0,345.00,1725.0,2013-10-01
S15,C101,P15,D41 ,38,300.0,2001.00,100050.0,2014-02-01
S13,C102,P15,D41 ,39,12.0,2838.00,25542.0,2014-04-01
S12,C103,P15,D41 ,40,15.0,2178.00,10890.0,2014-06-01
S12,C102,P15,D41 ,41,15.0,888.00,4440.0,2014-06-01
S11,C103,P15,D41 ,42,350.0,1527.00,137430.0,2013-09-01
S15,C103,P15,D41 ,43,300.0,2151.00,107550.0,2014-09-01
S11,C101,P15,D41 ,44,20.0,1817.00,18170.0,2014-12-01
S11,C103,P16,D41 ,45,350.0,2750.00,247500.0,2014-02-01
S13,C105,P16,D41 ,46,12.0,1953.00,17577.0,2014-04-01
S14,C102,P16,D41 ,47,125.0,4219.50,21097.5,2014-04-01
S11,C103,P16,D41 ,48,20.0,1899.00,18990.0,2014-06-01
S11,C102,P16,D41 ,49,7.0,1686.00,3372.0,2014-07-01
S13,C105,P16,D41 ,50,12.0,2141.00,19269.0,2014-08-01
S11,C105,P16,D41 ,51,7.0,1143.00,2286.0,2014-10-01
S12,C105,P16,D41 ,52,15.0,615.00,3075.0,2014-12-01
S11,C103,P13,D42 ,53,7.0,3945.00,7613.85,2014-01-01
S12,C103,P13,D42 ,54,15.0,2296.00,11135.6,2014-02-01
S11,C103,P13,D42 ,55,7.0,1030.00,1987.9,2014-05-01
S11,C103,P14,D42 ,56,7.0,639.00,1233.27,2014-11-01
S11,C101,P15,D42 ,57,7.0,1326.00,2559.18,2014-03-01
S13,C105,P11,D42 ,58,12.0,1858.00,16499.04,2014-02-01
S11,C104,P11,D42 ,59,350.0,1210.00,104665.0,2014-03-01
S11,C105,P11,D42 ,60,7.0,2529.00,4880.97,2014-07-01
S13,C101,P11,D42 ,61,12.0,1445.00,12831.6,2014-09-01
S14,C105,P11,D42 ,62,125.0,330.00,1237.5,2013-09-01
S13,C103,P11,D42 ,63,12.0,2671.00,23718.48,2014-09-01
S13,C102,P11,D42 ,64,12.0,766.00,6802.08,2013-10-01
S15,C104,P11,D42 ,65,300.0,494.00,23218.0,2013-10-01
S11,C104,P11,D42 ,66,350.0,1397.00,120840.5,2014-10-01
S11,C103,P11,D42 ,67,350.0,2155.00,186407.5,2014-12-01
S12,C104,P12,D42 ,68,15.0,2214.00,10737.9,2014-03-01
S15,C105,P12,D42 ,69,300.0,2301.00,108147.0,2014-04-01
S11,C103,P12,D42 ,70,20.0,1375.50,13479.9,2014-07-01
S11,C101,P12,D42 ,71,7.0,1830.00,3531.9,2014-08-01
S15,C105,P12,D42 ,72,300.0,2498.00,117406.0,2013-09-01
S14,C105,P12,D42 ,73,125.0,663.00,2486.25,2013-10-01
S12,C105,P13,D42 ,74,15.0,1514.00,7342.9,2014-02-01
S11,C105,P13,D42 ,75,7.0,4492.50,8670.53,2014-04-01
S14,C105,P13,D42 ,76,125.0,727.00,2726.25,2014-06-01
S14,C103,P13,D42 ,77,125.0,787.00,2951.25,2014-06-01
S14,C104,P13,D42 ,78,125.0,1823.00,6836.25,2014-07-01
S12,C102,P13,D42 ,79,15.0,747.00,3622.95,2014-09-01
S13,C102,P13,D42 ,80,12.0,766.00,6802.08,2013-10-01
S15,C105,P13,D42 ,81,300.0,2905.00,136535.0,2014-11-01
S11,C103,P13,D42 ,82,350.0,2155.00,186407.5,2014-12-01
S11,C103,P14,D42 ,83,20.0,3864.00,37867.2,2014-04-01
S11,C104,P14,D42 ,84,7.0,362.00,698.66,2014-05-01
S14,C101,P14,D42 ,85,125.0,923.00,3461.25,2014-08-01
S14,C105,P14,D42 ,86,125.0,663.00,2486.25,2013-10-01
S11,C101,P14,D42 ,87,7.0,2092.00,4037.56,2013-11-01
S11,C102,P15,D42 ,88,7.0,263.00,507.59,2014-03-01
S11,C101,P15,D42 ,89,350.0,943.50,81612.75,2014-04-01
S14,C105,P15,D42 ,90,125.0,727.00,2726.25,2014-06-01
S14,C103,P15,D42 ,91,125.0,787.00,2951.25,2014-06-01
S15,C102,P15,D42 ,92,300.0,986.00,46342.0,2014-09-01
S15,C104,P15,D42 ,93,300.0,494.00,23218.0,2013-10-01
S11,C104,P15,D42 ,94,350.0,1397.00,120840.5,2014-10-01
S14,C103,P15,D42 ,95,125.0,1744.00,6540.0,2014-11-01
S13,C105,P16,D42 ,96,12.0,1989.00,17662.32,2013-09-01
S12,C103,P16,D42 ,97,15.0,321.00,1556.85,2013-11-01
S14,C101,P11,D42 ,98,125.0,742.50,1856.25,2014-04-01
S13,C101,P11,D42 ,99,12.0,1295.00,11344.2,2014-10-01
S15,C102,P11,D42 ,100,300.0,214.00,9416.0,2013-10-01
S11,C103,P11,D42 ,101,7.0,2145.00,3989.7,2013-11-01
S11,C101,P11,D42 ,102,350.0,2852.00,236716.0,2014-12-01
S13,C105,P12,D42 ,103,12.0,1142.00,10003.92,2014-06-01
S11,C105,P12,D42 ,104,20.0,1566.00,15033.6,2014-10-01
S13,C104,P12,D42 ,105,12.0,690.00,6044.4,2014-11-01
S14,C104,P12,D42 ,106,125.0,1660.00,4150.0,2013-11-01
S12,C101,P13,D42 ,107,15.0,2363.00,11106.1,2014-02-01
S15,C103,P13,D42 ,108,300.0,918.00,40392.0,2014-05-01
S15,C102,P13,D42 ,109,300.0,1728.00,76032.0,2014-05-01
S13,C105,P13,D42 ,110,12.0,1142.00,10003.92,2014-06-01
S14,C104,P13,D42 ,111,125.0,662.00,1655.0,2014-06-01
S13,C101,P13,D42 ,112,12.0,1295.00,11344.2,2014-10-01
S14,C102,P13,D42 ,113,125.0,809.00,2022.5,2013-10-01
S14,C104,P13,D42 ,114,125.0,2145.00,5362.5,2013-10-01
S13,C103,P13,D42 ,115,12.0,1785.00,15636.6,2013-11-01
S15,C101,P13,D42 ,116,300.0,1916.00,84304.0,2014-12-01
S11,C101,P13,D42 ,117,350.0,2852.00,236716.0,2014-12-01
S14,C101,P13,D42 ,118,125.0,2729.00,6822.5,2014-12-01
S12,C105,P13,D42 ,119,15.0,1925.00,9047.5,2013-12-01
S11,C105,P13,D42 ,120,7.0,2013.00,3744.18,2013-12-01
S13,C103,P13,D42 ,121,12.0,1055.00,9241.8,2014-12-01
S13,C104,P13,D42 ,122,12.0,1084.00,9495.84,2014-12-01
S11,C105,P14,D42 ,123,20.0,1566.00,15033.6,2014-10-01
S11,C102,P14,D42 ,124,350.0,2966.00,246178.0,2013-10-01
S11,C102,P14,D42 ,125,350.0,2877.00,238791.0,2014-10-01
S14,C102,P14,D42 ,126,125.0,809.00,2022.5,2013-10-01
S14,C104,P14,D42 ,127,125.0,2145.00,5362.5,2013-10-01
S13,C103,P14,D42 ,128,12.0,1055.00,9241.8,2014-12-01
S11,C104,P14,D42 ,129,20.0,544.00,5222.4,2013-12-01
S13,C104,P14,D42 ,130,12.0,1084.00,9495.84,2014-12-01
S14,C104,P15,D42 ,131,125.0,662.00,1655.0,2014-06-01
S15,C102,P15,D42 ,132,300.0,214.00,9416.0,2013-10-01
S11,C102,P15,D42 ,133,350.0,2877.00,238791.0,2014-10-01
S14,C101,P15,D42 ,134,125.0,2729.00,6822.5,2014-12-01
S11,C105,P15,D42 ,135,350.0,266.00,22078.0,2013-12-01
S11,C104,P15,D42 ,136,350.0,1940.00,161020.0,2013-12-01
S15,C102,P16,D42 ,137,300.0,259.00,11396.0,2014-03-01
S15,C104,P16,D42 ,138,300.0,1101.00,48444.0,2014-03-01
S14,C102,P16,D42 ,139,125.0,2276.00,5690.0,2014-05-01
S11,C102,P16,D42 ,140,350.0,2966.00,246178.0,2013-10-01
S11,C105,P16,D42 ,141,20.0,1236.00,11865.6,2014-11-01
S11,C103,P16,D42 ,142,20.0,941.00,9033.6,2014-11-01
S15,C101,P16,D42 ,143,300.0,1916.00,84304.0,2014-12-01
S14,C103,P11,D42 ,144,125.0,4243.50,5304.38,2014-04-01
S11,C102,P11,D42 ,145,20.0,2580.00,24252.0,2014-04-01
S15,C102,P11,D42 ,146,300.0,689.00,28249.0,2014-06-01
S13,C105,P11,D42 ,147,12.0,1947.00,16822.08,2014-09-01
S13,C101,P11,D42 ,148,12.0,908.00,7845.12,2013-12-01
S11,C102,P12,D42 ,149,7.0,1958.00,3504.82,2014-02-01
S13,C103,P12,D42 ,150,12.0,1901.00,16424.64,2014-06-01
S11,C103,P12,D42 ,151,7.0,544.00,973.76,2014-09-01
S11,C102,P12,D42 ,152,350.0,1797.00,142861.5,2013-09-01
S14,C103,P12,D42 ,153,125.0,1287.00,1608.75,2014-12-01
S14,C102,P12,D42 ,154,125.0,1706.00,2132.5,2014-12-01
S15,C103,P13,D42 ,155,300.0,2434.50,99814.5,2014-01-01
S14,C101,P13,D42 ,156,125.0,1774.00,2217.5,2014-03-01
S13,C103,P13,D42 ,157,12.0,1901.00,16424.64,2014-06-01
S15,C102,P13,D42 ,158,300.0,689.00,28249.0,2014-06-01
S14,C102,P13,D42 ,159,125.0,1570.00,1962.5,2014-06-01
S13,C105,P13,D42 ,160,12.0,1369.50,11832.48,2014-07-01
S14,C101,P13,D42 ,161,125.0,2009.00,2511.25,2014-10-01
S12,C102,P13,D42 ,162,15.0,1945.00,8849.75,2013-10-01
S14,C103,P13,D42 ,163,125.0,1287.00,1608.75,2014-12-01
S14,C102,P13,D42 ,164,125.0,1706.00,2132.5,2014-12-01
S14,C101,P14,D42 ,165,125.0,2009.00,2511.25,2014-10-01
S15,C105,P15,D42 ,166,300.0,2844.00,116604.0,2014-02-01
S13,C104,P15,D42 ,167,12.0,1916.00,16554.24,2014-04-01
S14,C102,P15,D42 ,168,125.0,1570.00,1962.5,2014-06-01
S15,C101,P15,D42 ,169,300.0,1874.00,76834.0,2014-08-01
S11,C104,P15,D42 ,170,350.0,1642.00,130539.0,2014-08-01
S12,C102,P15,D42 ,171,15.0,1945.00,8849.75,2013-10-01
S11,C101,P11,D42 ,172,20.0,831.00,7811.4,2014-05-01
S11,C104,P13,D42 ,173,7.0,1760.00,3150.4,2013-09-01
S11,C101,P14,D42 ,174,20.0,3850.50,36194.7,2014-04-01
S13,C102,P15,D42 ,175,12.0,2479.00,21418.56,2014-01-01
S12,C104,P12,D42 ,176,15.0,2031.00,8936.4,2014-10-01
S12,C104,P13,D42 ,177,15.0,2031.00,8936.4,2014-10-01
S12,C103,P13,D42 ,178,15.0,2261.00,9948.4,2013-12-01
S11,C105,P14,D42 ,179,20.0,736.00,6771.2,2013-09-01
S11,C101,P11,D42 ,180,7.0,2851.00,4903.72,2013-10-01
S15,C102,P11,D42 ,181,300.0,2021.00,76798.0,2014-10-01
S11,C105,P11,D42 ,182,350.0,274.00,20824.0,2014-12-01
S12,C101,P12,D42 ,183,15.0,1967.00,8654.8,2014-03-01
S15,C102,P12,D42 ,184,300.0,1859.00,70642.0,2014-08-01
S11,C101,P12,D42 ,185,7.0,2851.00,4903.72,2013-10-01
S15,C102,P12,D42 ,186,300.0,2021.00,76798.0,2014-10-01
S14,C104,P12,D42 ,187,125.0,1138.00,0.0,2014-12-01
S11,C101,P13,D42 ,188,7.0,4251.00,7311.72,2014-01-01
S14,C102,P13,D42 ,189,125.0,795.00,0.0,2014-03-01
S15,C102,P13,D42 ,190,300.0,1414.50,53751.0,2014-04-01
S15,C105,P13,D42 ,191,300.0,2918.00,110884.0,2014-05-01
S11,C105,P13,D42 ,192,350.0,3450.00,262200.0,2014-07-01
S14,C103,P13,D42 ,193,125.0,2988.00,0.0,2014-07-01
S12,C101,P13,D42 ,194,15.0,218.00,959.2,2014-09-01
S11,C101,P13,D42 ,195,20.0,2074.00,19080.8,2014-09-01
S11,C105,P13,D42 ,196,20.0,1056.00,9715.2,2014-09-01
S12,C105,P13,D42 ,197,15.0,671.00,2952.4,2013-10-01
S12,C104,P13,D42 ,198,15.0,1514.00,6661.6,2013-10-01
S11,C105,P13,D42 ,199,350.0,274.00,20824.0,2014-12-01
S14,C104,P13,D42 ,200,125.0,1138.00,0.0,2014-12-01
S13,C105,P14,D42 ,201,12.0,1465.00,12481.8,2014-03-01
S11,C101,P14,D42 ,202,20.0,2646.00,24343.2,2013-09-01
S11,C103,P14,D42 ,203,350.0,2177.00,165452.0,2014-10-01
S13,C103,P15,D42 ,204,12.0,866.00,7378.32,2014-05-01
S11,C105,P15,D42 ,205,350.0,349.00,26524.0,2013-09-01
S11,C103,P15,D42 ,206,350.0,2177.00,165452.0,2014-10-01
S12,C104,P15,D42 ,207,15.0,1514.00,6661.6,2013-10-01
S11,C104,P16,D42 ,208,350.0,1865.00,141740.0,2014-02-01
S14,C104,P16,D42 ,209,125.0,1074.00,0.0,2014-04-01
S11,C102,P16,D42 ,210,350.0,1907.00,144932.0,2014-09-01
S12,C105,P16,D42 ,211,15.0,671.00,2952.4,2013-10-01
S11,C101,P16,D42 ,212,350.0,1778.00,135128.0,2013-12-01
S11,C102,P12,D43 ,213,7.0,1159.00,1912.35,2013-10-01
S11,C102,P13,D43 ,214,7.0,1372.00,2263.8,2014-01-01
S11,C101,P13,D43 ,215,7.0,2349.00,3875.85,2013-09-01
S11,C104,P13,D43 ,216,7.0,2689.00,4436.85,2014-10-01
S13,C101,P13,D43 ,217,12.0,2431.00,20420.4,2014-12-01
S13,C101,P14,D43 ,218,12.0,2431.00,20420.4,2014-12-01
S11,C104,P15,D43 ,219,7.0,2689.00,4436.85,2014-10-01
S11,C104,P16,D43 ,220,7.0,1683.00,2776.95,2014-07-01
S13,C104,P16,D43 ,221,12.0,1123.00,9433.2,2014-08-01
S11,C102,P16,D43 ,222,7.0,1159.00,1912.35,2013-10-01
S13,C103,P11,D43 ,223,12.0,1865.00,15666.0,2014-02-01
S13,C102,P11,D43 ,224,12.0,1116.00,9374.4,2014-02-01
S11,C103,P11,D43 ,225,20.0,1563.00,14067.0,2014-05-01
S15,C105,P11,D43 ,226,300.0,991.00,34685.0,2014-06-01
S11,C102,P11,D43 ,227,7.0,1016.00,1676.4,2013-11-01
S12,C104,P11,D43 ,228,15.0,2791.00,11861.75,2014-11-01
S11,C105,P11,D43 ,229,7.0,570.00,940.5,2014-12-01
S11,C103,P11,D43 ,230,7.0,2487.00,4103.55,2014-12-01
S11,C103,P12,D43 ,231,350.0,1384.50,100376.25,2014-01-01
S14,C105,P12,D43 ,232,125.0,3627.00,4533.75,2014-07-01
S11,C104,P12,D43 ,233,350.0,720.00,52200.0,2013-09-01
S13,C102,P12,D43 ,234,12.0,2342.00,19672.8,2014-11-01
S15,C104,P12,D43 ,235,300.0,1100.00,38500.0,2013-12-01
S11,C103,P13,D43 ,236,20.0,1303.00,11727.0,2014-02-01
S14,C105,P13,D43 ,237,125.0,2992.00,3740.0,2014-03-01
S14,C103,P13,D43 ,238,125.0,2385.00,2981.25,2014-03-01
S15,C104,P13,D43 ,239,300.0,1607.00,56245.0,2014-04-01
S11,C105,P13,D43 ,240,7.0,2327.00,3839.55,2014-05-01
S15,C105,P13,D43 ,241,300.0,991.00,34685.0,2014-06-01
S11,C105,P13,D43 ,242,350.0,602.00,43645.0,2014-06-01
S12,C103,P13,D43 ,243,15.0,2620.00,11135.0,2014-09-01
S11,C101,P13,D43 ,244,350.0,1228.00,89030.0,2013-10-01
S11,C101,P13,D43 ,245,20.0,1389.00,12501.0,2013-10-01
S14,C105,P13,D43 ,246,125.0,861.00,1076.25,2014-10-01
S14,C103,P13,D43 ,247,125.0,704.00,880.0,2013-10-01
S11,C101,P13,D43 ,248,20.0,1802.00,16218.0,2013-12-01
S11,C105,P13,D43 ,249,20.0,2663.00,23967.0,2014-12-01
S11,C103,P13,D43 ,250,7.0,2136.00,3524.4,2013-12-01
S12,C102,P13,D43 ,251,15.0,2116.00,8993.0,2013-12-01
S12,C105,P14,D43 ,252,15.0,555.00,2358.75,2014-01-01
S12,C104,P14,D43 ,253,15.0,2861.00,12159.25,2014-01-01
S14,C102,P14,D43 ,254,125.0,807.00,1008.75,2014-02-01
S11,C105,P14,D43 ,255,350.0,602.00,43645.0,2014-06-01
S11,C105,P14,D43 ,256,20.0,2832.00,25488.0,2014-08-01
S11,C103,P14,D43 ,257,20.0,1579.00,14211.0,2014-08-01
S14,C105,P14,D43 ,258,125.0,861.00,1076.25,2014-10-01
S14,C103,P14,D43 ,259,125.0,704.00,880.0,2013-10-01
S11,C103,P14,D43 ,260,20.0,1033.00,9297.0,2013-12-01
S15,C102,P14,D43 ,261,300.0,1250.00,43750.0,2014-12-01
S11,C101,P15,D43 ,262,20.0,1389.00,12501.0,2013-10-01
S11,C105,P15,D43 ,263,20.0,1265.00,11385.0,2013-11-01
S11,C102,P15,D43 ,264,20.0,2297.00,20673.0,2013-11-01
S11,C105,P15,D43 ,265,20.0,2663.00,23967.0,2014-12-01
S11,C105,P15,D43 ,266,7.0,570.00,940.5,2014-12-01
S11,C103,P15,D43 ,267,7.0,2487.00,4103.55,2014-12-01
S11,C102,P16,D43 ,268,350.0,1350.00,97875.0,2014-02-01
S11,C101,P16,D43 ,269,350.0,552.00,40020.0,2014-08-01
S11,C101,P16,D43 ,270,350.0,1228.00,89030.0,2013-10-01
S15,C102,P16,D43 ,271,300.0,1250.00,43750.0,2014-12-01
S12,C103,P13,D43 ,272,15.0,3801.00,15584.1,2014-04-01
S11,C105,P11,D43 ,273,20.0,1117.50,9834.0,2014-01-01
S12,C101,P11,D43 ,274,15.0,2844.00,11660.4,2014-06-01
S13,C104,P11,D43 ,275,12.0,562.00,4653.36,2014-09-01
S13,C101,P11,D43 ,276,12.0,2299.00,19035.72,2013-10-01
S12,C105,P11,D43 ,277,15.0,2030.00,8323.0,2014-11-01
S11,C105,P11,D43 ,278,7.0,263.00,415.54,2013-11-01
S14,C102,P11,D43 ,279,125.0,887.00,2217.5,2013-12-01
S11,C104,P12,D43 ,280,350.0,980.00,67620.0,2014-04-01
S11,C102,P12,D43 ,281,350.0,1460.00,100740.0,2014-05-01
S11,C103,P12,D43 ,282,7.0,1403.00,2216.74,2013-10-01
S13,C105,P12,D43 ,283,12.0,2723.00,22546.44,2014-11-01
S11,C103,P13,D43 ,284,350.0,1496.00,103224.0,2014-06-01
S13,C101,P13,D43 ,285,12.0,2299.00,19035.72,2013-10-01
S11,C105,P13,D43 ,286,350.0,727.00,50163.0,2013-10-01
S14,C101,P14,D43 ,287,125.0,952.00,2380.0,2014-02-01
S14,C105,P14,D43 ,288,125.0,2755.00,6887.5,2014-02-01
S12,C102,P14,D43 ,289,15.0,1530.00,6273.0,2014-05-01
S11,C103,P14,D43 ,290,350.0,1496.00,103224.0,2014-06-01
S11,C104,P14,D43 ,291,7.0,1498.00,2366.84,2014-06-01
S15,C103,P14,D43 ,292,300.0,1221.00,39072.0,2013-10-01
S11,C103,P14,D43 ,293,350.0,2076.00,143244.0,2013-10-01
S12,C101,P15,D43 ,294,15.0,2844.00,11660.4,2014-06-01
S11,C104,P15,D43 ,295,7.0,1498.00,2366.84,2014-06-01
S15,C103,P15,D43 ,296,300.0,1221.00,39072.0,2013-10-01
S11,C104,P15,D43 ,297,20.0,1123.00,9882.4,2013-11-01
S15,C101,P15,D43 ,298,300.0,2436.00,77952.0,2013-12-01
S14,C103,P16,D43 ,299,125.0,1987.50,4968.75,2014-01-01
S11,C104,P16,D43 ,300,350.0,1679.00,115851.0,2014-09-01
S11,C105,P16,D43 ,301,350.0,727.00,50163.0,2013-10-01
S11,C103,P16,D43 ,302,7.0,1403.00,2216.74,2013-10-01
S11,C103,P16,D43 ,303,350.0,2076.00,143244.0,2013-10-01
S11,C103,P12,D43 ,304,20.0,1757.00,15461.6,2013-10-01
S12,C105,P13,D43 ,305,15.0,2198.00,9011.8,2014-08-01
S12,C102,P13,D43 ,306,15.0,1743.00,7146.3,2014-08-01
S12,C105,P13,D43 ,307,15.0,1153.00,4727.3,2014-10-01
S11,C103,P13,D43 ,308,20.0,1757.00,15461.6,2013-10-01
S11,C102,P14,D43 ,309,20.0,1001.00,8808.8,2014-08-01
S11,C104,P14,D43 ,310,7.0,1333.00,2106.14,2014-11-01
S12,C105,P15,D43 ,311,15.0,1153.00,4727.3,2014-10-01
S13,C104,P11,D43 ,312,12.0,727.00,5932.32,2014-02-01
S13,C101,P11,D43 ,313,12.0,1884.00,15373.44,2014-08-01
S11,C104,P11,D43 ,314,20.0,1834.00,15772.4,2013-09-01
S13,C104,P12,D43 ,315,12.0,2340.00,19094.4,2014-01-01
S13,C103,P12,D43 ,316,12.0,2342.00,19110.72,2014-11-01
S11,C103,P13,D43 ,317,7.0,1031.00,1556.81,2013-09-01
S12,C101,P14,D43 ,318,15.0,1262.00,4984.9,2014-05-01
S11,C101,P14,D43 ,319,7.0,1135.00,1713.85,2014-06-01
S11,C105,P14,D43 ,320,7.0,547.00,825.97,2014-11-01
S11,C101,P14,D43 ,321,7.0,1582.00,2388.82,2014-12-01
S13,C103,P15,D43 ,322,12.0,1738.50,14186.16,2014-04-01
S13,C102,P15,D43 ,323,12.0,2215.00,18074.4,2013-09-01
S11,C101,P15,D43 ,324,7.0,1582.00,2388.82,2014-12-01
S11,C101,P16,D43 ,325,7.0,1135.00,1713.85,2014-06-01
S11,C105,P11,D43 ,326,350.0,1761.00,115345.5,2014-03-01
S15,C103,P11,D43 ,327,300.0,448.00,12992.0,2014-06-01
S15,C103,P11,D43 ,328,300.0,2181.00,63249.0,2014-10-01
S11,C103,P12,D43 ,329,20.0,1976.00,16993.6,2014-10-01
S15,C103,P12,D43 ,330,300.0,2181.00,63249.0,2014-10-01
S14,C102,P12,D43 ,331,125.0,2500.00,9375.0,2013-11-01
S15,C101,P13,D43 ,332,300.0,1702.00,49358.0,2014-05-01
S15,C103,P13,D43 ,333,300.0,448.00,12992.0,2014-06-01
S14,C102,P13,D43 ,334,125.0,3513.00,13173.75,2014-07-01
S12,C103,P13,D43 ,335,15.0,2101.00,8298.95,2014-08-01
S12,C105,P13,D43 ,336,15.0,2931.00,11577.45,2013-09-01
S11,C103,P13,D43 ,337,20.0,1535.00,13201.0,2014-09-01
S15,C102,P13,D43 ,338,300.0,1123.00,32567.0,2013-09-01
S15,C101,P13,D43 ,339,300.0,1404.00,40716.0,2013-11-01
S13,C104,P13,D43 ,340,12.0,2763.00,22546.08,2013-11-01
S11,C102,P13,D43 ,341,7.0,2125.00,3208.75,2013-12-01
S15,C103,P14,D43 ,342,300.0,1659.00,48111.0,2014-07-01
S11,C104,P14,D43 ,343,20.0,609.00,5237.4,2014-08-01
S14,C102,P14,D43 ,344,125.0,2087.00,7826.25,2014-09-01
S11,C103,P14,D43 ,345,20.0,1976.00,16993.6,2014-10-01
S11,C105,P14,D43 ,346,20.0,1421.00,12220.6,2013-12-01
S15,C105,P14,D43 ,347,300.0,1372.00,39788.0,2014-12-01
S11,C102,P14,D43 ,348,20.0,588.00,5056.8,2013-12-01
S13,C101,P15,D43 ,349,12.0,3244.50,26475.12,2014-01-01
S15,C103,P15,D43 ,350,300.0,959.00,27811.0,2014-02-01
S15,C104,P15,D43 ,351,300.0,2747.00,79663.0,2014-02-01
S14,C101,P16,D43 ,352,125.0,1645.00,6168.75,2014-05-01
S11,C103,P16,D43 ,353,350.0,2876.00,188378.0,2014-09-01
S14,C102,P16,D43 ,354,125.0,994.00,3727.5,2013-09-01
S11,C101,P16,D43 ,355,20.0,1118.00,9614.8,2014-11-01
S15,C105,P16,D43 ,356,300.0,1372.00,39788.0,2014-12-01
S11,C101,P12,D43 ,357,7.0,488.00,702.72,2014-02-01
S11,C105,P12,D43 ,358,20.0,1282.00,10768.8,2014-06-01
S11,C101,P13,D43 ,359,7.0,257.00,370.08,2014-05-01
S11,C105,P16,D43 ,360,20.0,1282.00,10768.8,2014-06-01
S14,C104,P11,D43 ,361,125.0,1540.00,7700.0,2014-08-01
S12,C103,P11,D43 ,362,15.0,490.00,1862.0,2014-11-01
S11,C104,P11,D43 ,363,350.0,1362.00,84444.0,2014-12-01
S12,C103,P12,D43 ,364,15.0,2501.00,9503.8,2014-03-01
S11,C101,P12,D43 ,365,20.0,708.00,5947.2,2014-06-01
S11,C102,P12,D43 ,366,20.0,645.00,5418.0,2014-07-01
S15,C103,P12,D43 ,367,300.0,1562.00,40612.0,2014-08-01
S15,C101,P12,D43 ,368,300.0,1283.00,33358.0,2013-09-01
S12,C102,P12,D43 ,369,15.0,711.00,2701.8,2014-12-01
S14,C104,P13,D43 ,370,125.0,1114.00,5570.0,2014-03-01
S11,C102,P13,D43 ,371,7.0,1259.00,1812.96,2014-04-01
S11,C102,P13,D43 ,372,7.0,1095.00,1576.8,2014-05-01
S11,C102,P13,D43 ,373,20.0,1366.00,11474.4,2014-06-01
S15,C104,P13,D43 ,374,300.0,2460.00,63960.0,2014-06-01
S11,C105,P13,D43 ,375,7.0,678.00,976.32,2014-08-01
S11,C102,P13,D43 ,376,7.0,1598.00,2301.12,2014-08-01
S11,C102,P13,D43 ,377,7.0,2409.00,3468.96,2013-09-01
S11,C102,P13,D43 ,378,20.0,1934.00,16245.6,2014-09-01
S11,C104,P13,D43 ,379,20.0,2993.00,25141.2,2014-09-01
S11,C102,P13,D43 ,380,350.0,2146.00,133052.0,2013-11-01
S11,C104,P13,D43 ,381,7.0,1946.00,2802.24,2013-12-01
S11,C104,P13,D43 ,382,350.0,1362.00,84444.0,2014-12-01
S13,C101,P14,D43 ,383,12.0,598.00,4807.92,2014-03-01
S11,C105,P14,D43 ,384,7.0,2907.00,4186.08,2014-06-01
S11,C102,P14,D43 ,385,7.0,2338.00,3366.72,2014-06-01
S15,C103,P14,D43 ,386,300.0,386.00,10036.0,2013-11-01
S15,C104,P14,D43 ,387,300.0,635.00,16510.0,2014-12-01
S11,C103,P15,D43 ,388,350.0,574.50,35619.0,2014-04-01
S11,C102,P15,D43 ,389,7.0,2338.00,3366.72,2014-06-01
S11,C103,P15,D43 ,390,350.0,381.00,23622.0,2014-08-01
S11,C102,P15,D43 ,391,350.0,422.00,26164.0,2014-08-01
S15,C101,P15,D43 ,392,300.0,2134.00,55484.0,2014-09-01
S15,C105,P15,D43 ,393,300.0,808.00,21008.0,2013-12-01
S11,C101,P16,D43 ,394,20.0,708.00,5947.2,2014-06-01
S11,C105,P16,D43 ,395,7.0,2907.00,4186.08,2014-06-01
S11,C102,P16,D43 ,396,20.0,1366.00,11474.4,2014-06-01
S15,C104,P16,D43 ,397,300.0,2460.00,63960.0,2014-06-01
S11,C102,P16,D43 ,398,20.0,1520.00,12768.0,2014-11-01
S12,C102,P16,D43 ,399,15.0,711.00,2701.8,2014-12-01
S13,C104,P16,D43 ,400,12.0,1375.00,11055.0,2013-12-01
S15,C104,P16,D43 ,401,300.0,635.00,16510.0,2014-12-01
S11,C105,P15,D43 ,402,20.0,436.50,3666.6,2014-07-01
S15,C101,P11,D43 ,403,300.0,1094.00,25162.0,2014-06-01
S13,C104,P11,D43 ,404,12.0,367.00,2906.64,2013-10-01
S15,C101,P12,D43 ,405,300.0,3802.50,87457.5,2014-04-01
S11,C103,P12,D43 ,406,350.0,1666.00,97461.0,2014-05-01
S15,C103,P12,D43 ,407,300.0,322.00,7406.0,2013-09-01
S13,C101,P12,D43 ,408,12.0,2321.00,18382.32,2014-11-01
S14,C103,P12,D43 ,409,125.0,1857.00,11606.25,2013-11-01
S11,C101,P12,D43 ,410,7.0,1611.00,2207.07,2013-12-01
S14,C105,P12,D43 ,411,125.0,2797.00,17481.25,2014-12-01
S15,C102,P12,D43 ,412,300.0,334.00,7682.0,2013-12-01
S15,C104,P13,D43 ,413,300.0,2565.00,58995.0,2014-01-01
S11,C104,P13,D43 ,414,350.0,2417.00,141394.5,2014-01-01
S12,C105,P13,D43 ,415,15.0,3675.00,13413.75,2014-04-01
S15,C101,P13,D43 ,416,300.0,1094.00,25162.0,2014-06-01
S12,C103,P13,D43 ,417,15.0,1227.00,4478.55,2014-10-01
S13,C104,P13,D43 ,418,12.0,367.00,2906.64,2013-10-01
S15,C103,P13,D43 ,419,300.0,1324.00,30452.0,2014-11-01
S13,C102,P13,D43 ,420,12.0,1775.00,14058.0,2013-11-01
S14,C105,P13,D43 ,421,125.0,2797.00,17481.25,2014-12-01
S12,C104,P14,D43 ,422,15.0,245.00,894.25,2014-05-01
S15,C101,P14,D43 ,423,300.0,3793.50,87250.5,2014-07-01
S11,C102,P14,D43 ,424,350.0,1307.00,76459.5,2014-07-01
S14,C101,P14,D43 ,425,125.0,567.00,3543.75,2014-09-01
S14,C104,P14,D43 ,426,125.0,2110.00,13187.5,2014-09-01
S11,C101,P14,D43 ,427,350.0,1269.00,74236.5,2014-10-01
S13,C105,P15,D43 ,428,12.0,1956.00,15491.52,2014-01-01
S15,C102,P15,D43 ,429,300.0,2659.00,61157.0,2014-02-01
S11,C105,P15,D43 ,430,350.0,1351.50,79062.75,2014-04-01
S13,C102,P15,D43 ,431,12.0,880.00,6969.6,2014-05-01
S15,C105,P15,D43 ,432,300.0,1867.00,42941.0,2014-09-01
S13,C103,P15,D43 ,433,12.0,2234.00,17693.28,2013-09-01
S12,C103,P15,D43 ,434,15.0,1227.00,4478.55,2014-10-01
S14,C104,P15,D43 ,435,125.0,877.00,5481.25,2014-11-01
S11,C105,P16,D43 ,436,350.0,2071.00,121153.5,2014-09-01
S11,C101,P16,D43 ,437,350.0,1269.00,74236.5,2014-10-01
S12,C102,P16,D43 ,438,15.0,970.00,3540.5,2013-11-01
S11,C104,P16,D43 ,439,20.0,1694.00,13890.8,2014-11-01
S11,C102,P11,D43 ,440,20.0,663.00,5436.6,2014-05-01
S11,C101,P11,D43 ,441,7.0,819.00,1122.03,2014-07-01
S13,C102,P11,D43 ,442,12.0,1580.00,12513.6,2014-09-01
S11,C104,P11,D43 ,443,7.0,521.00,713.77,2014-12-01
S11,C105,P13,D43 ,444,20.0,973.00,7978.6,2014-03-01
S11,C104,P13,D43 ,445,20.0,1038.00,8511.6,2014-06-01
S11,C102,P13,D43 ,446,7.0,360.00,493.2,2014-10-01
S13,C103,P14,D43 ,447,12.0,1967.00,15578.64,2014-03-01
S12,C104,P14,D43 ,448,15.0,2628.00,9592.2,2014-04-01
S11,C102,P15,D43 ,449,7.0,360.00,493.2,2014-10-01
S11,C103,P15,D43 ,450,20.0,2682.00,21992.4,2013-11-01
S11,C104,P15,D43 ,451,7.0,521.00,713.77,2014-12-01
S11,C104,P16,D43 ,452,20.0,1038.00,8511.6,2014-06-01
S12,C101,P16,D43 ,453,15.0,1630.50,5951.33,2014-07-01
S13,C103,P16,D43 ,454,12.0,306.00,2423.52,2013-12-01
S13,C105,P11,D44 ,455,12.0,386.00,3010.8,2013-10-01
S11,C105,P12,D44 ,456,7.0,2328.00,3026.4,2014-09-01
S13,C105,P13,D44 ,457,12.0,386.00,3010.8,2013-10-01
S14,C105,P11,D44 ,458,125.0,3445.50,25841.25,2014-04-01
S14,C103,P11,D44 ,459,125.0,1482.00,11115.0,2013-12-01
S11,C105,P12,D44 ,460,350.0,2313.00,127215.0,2014-05-01
S14,C105,P12,D44 ,461,125.0,1804.00,13530.0,2013-11-01
S12,C103,P12,D44 ,462,15.0,2072.00,7252.0,2014-12-01
S11,C103,P13,D44 ,463,20.0,1954.00,15632.0,2014-03-01
S15,C104,P13,D44 ,464,300.0,591.00,11820.0,2014-05-01
S12,C103,P13,D44 ,465,15.0,2167.00,7584.5,2013-10-01
S11,C102,P13,D44 ,466,20.0,241.00,1928.0,2014-10-01
S12,C102,P14,D44 ,467,15.0,681.00,2383.5,2014-01-01
S12,C102,P14,D44 ,468,15.0,510.00,1785.0,2014-04-01
S12,C105,P14,D44 ,469,15.0,790.00,2765.0,2014-05-01
S11,C103,P14,D44 ,470,350.0,639.00,35145.0,2014-07-01
S14,C105,P14,D44 ,471,125.0,1596.00,11970.0,2014-09-01
S15,C105,P14,D44 ,472,300.0,2294.00,45880.0,2013-10-01
S11,C102,P14,D44 ,473,20.0,241.00,1928.0,2014-10-01
S11,C102,P14,D44 ,474,7.0,2665.00,3464.5,2014-11-01
S14,C101,P14,D44 ,475,125.0,1916.00,14370.0,2013-12-01
S15,C103,P14,D44 ,476,300.0,853.00,17060.0,2014-12-01
S14,C104,P15,D44 ,477,125.0,341.00,2557.5,2014-05-01
S12,C104,P15,D44 ,478,15.0,641.00,2243.5,2014-07-01
S11,C105,P15,D44 ,479,350.0,2807.00,154385.0,2014-08-01
S15,C104,P15,D44 ,480,300.0,432.00,8640.0,2014-09-01
S15,C105,P15,D44 ,481,300.0,2294.00,45880.0,2013-10-01
S12,C103,P15,D44 ,482,15.0,2167.00,7584.5,2013-10-01
S14,C101,P15,D44 ,483,125.0,2529.00,18967.5,2014-11-01
S11,C102,P15,D44 ,484,350.0,1870.00,102850.0,2013-12-01
S14,C105,P16,D44 ,485,125.0,579.00,4342.5,2014-01-01
S11,C101,P16,D44 ,486,350.0,2240.00,123200.0,2014-02-01
S15,C105,P16,D44 ,487,300.0,2993.00,59860.0,2014-03-01
S13,C101,P16,D44 ,488,12.0,3520.50,27459.9,2014-04-01
S11,C104,P16,D44 ,489,20.0,2039.00,16312.0,2014-05-01
S13,C102,P16,D44 ,490,12.0,2574.00,20077.2,2014-08-01
S11,C101,P16,D44 ,491,350.0,707.00,38885.0,2014-09-01
S12,C103,P16,D44 ,492,15.0,2072.00,7252.0,2014-12-01
S15,C103,P16,D44 ,493,300.0,853.00,17060.0,2014-12-01
S13,C103,P11,D44 ,494,12.0,1198.00,9200.64,2013-10-01
S11,C103,P13,D44 ,495,7.0,2532.00,3114.36,2014-04-01
S13,C103,P13,D44 ,496,12.0,1198.00,9200.64,2013-10-01
S12,C101,P14,D44 ,497,15.0,384.00,1286.4,2014-01-01
S13,C102,P14,D44 ,498,12.0,472.00,3624.96,2014-10-01
S11,C105,P15,D44 ,499,7.0,1579.00,1942.17,2014-03-01
S13,C104,P15,D44 ,500,12.0,1005.00,7718.4,2013-09-01
S12,C105,P16,D44 ,501,15.0,3199.50,10718.33,2014-07-01
S13,C102,P16,D44 ,502,12.0,472.00,3624.96,2014-10-01
S13,C101,P11,D44 ,503,12.0,1937.00,14876.16,2014-02-01
S11,C102,P11,D44 ,504,350.0,792.00,40788.0,2014-03-01
S15,C102,P11,D44 ,505,300.0,2811.00,47787.0,2014-07-01
S14,C103,P11,D44 ,506,125.0,2441.00,21358.75,2014-10-01
S12,C101,P11,D44 ,507,15.0,1560.00,5226.0,2013-11-01
S11,C104,P11,D44 ,508,7.0,2706.00,3328.38,2013-11-01
S11,C102,P12,D44 ,509,350.0,766.00,39449.0,2014-01-01
S11,C102,P12,D44 ,510,20.0,2992.00,23337.6,2013-10-01
S12,C104,P12,D44 ,511,15.0,2157.00,7225.95,2014-12-01
S15,C101,P13,D44 ,512,300.0,873.00,14841.0,2014-01-01
S11,C104,P13,D44 ,513,20.0,1122.00,8751.6,2014-03-01
S11,C101,P13,D44 ,514,350.0,2104.50,108381.75,2014-07-01
S13,C101,P13,D44 ,515,12.0,4026.00,30919.68,2014-07-01
S13,C103,P13,D44 ,516,12.0,2425.50,18627.84,2014-07-01
S11,C101,P13,D44 ,517,20.0,2394.00,18673.2,2014-08-01
S12,C104,P13,D44 ,518,15.0,1984.00,6646.4,2014-08-01
S14,C103,P13,D44 ,519,125.0,2441.00,21358.75,2014-10-01
S11,C102,P13,D44 ,520,20.0,2992.00,23337.6,2013-10-01
S15,C101,P13,D44 ,521,300.0,1366.00,23222.0,2014-11-01
S11,C103,P14,D44 ,522,20.0,2805.00,21879.0,2013-09-01
S12,C104,P14,D44 ,523,15.0,655.00,2194.25,2013-09-01
S11,C104,P14,D44 ,524,350.0,344.00,17716.0,2013-10-01
S11,C101,P14,D44 ,525,7.0,1808.00,2223.84,2014-11-01
S13,C103,P15,D44 ,526,12.0,1734.00,13317.12,2014-01-01
S14,C104,P15,D44 ,527,125.0,554.00,4847.5,2014-01-01
S11,C101,P15,D44 ,528,20.0,2935.00,22893.0,2013-11-01
S14,C102,P16,D44 ,529,125.0,3165.00,27693.75,2014-01-01
S11,C104,P16,D44 ,530,20.0,2629.00,20506.2,2014-01-01
S14,C103,P16,D44 ,531,125.0,1433.00,12538.75,2014-05-01
S14,C104,P16,D44 ,532,125.0,947.00,8286.25,2013-09-01
S11,C104,P16,D44 ,533,350.0,344.00,17716.0,2013-10-01
S12,C104,P16,D44 ,534,15.0,2157.00,7225.95,2014-12-01
S11,C105,P13,D44 ,535,7.0,380.00,467.4,2013-09-01
S11,C104,P11,D44 ,536,350.0,886.00,42528.0,2014-06-01
S14,C101,P11,D44 ,537,125.0,2416.00,24160.0,2013-09-01
S14,C104,P11,D44 ,538,125.0,2156.00,21560.0,2014-10-01
S12,C101,P11,D44 ,539,15.0,2689.00,8604.8,2014-11-01
S12,C105,P12,D44 ,540,15.0,677.00,2166.4,2014-03-01
S15,C103,P12,D44 ,541,300.0,1773.00,24822.0,2014-04-01
S11,C104,P12,D44 ,542,7.0,2420.00,2807.2,2014-09-01
S11,C101,P12,D44 ,543,7.0,2734.00,3171.44,2014-10-01
S11,C104,P12,D44 ,544,20.0,1715.00,13034.0,2013-10-01
S15,C103,P12,D44 ,545,300.0,1186.00,16604.0,2013-12-01
S15,C105,P13,D44 ,546,300.0,3495.00,48930.0,2014-01-01
S11,C104,P13,D44 ,547,350.0,886.00,42528.0,2014-06-01
S14,C104,P13,D44 ,548,125.0,2156.00,21560.0,2014-10-01
S11,C104,P13,D44 ,549,20.0,905.00,6878.0,2014-10-01
S11,C104,P13,D44 ,550,20.0,1715.00,13034.0,2013-10-01
S11,C103,P13,D44 ,551,350.0,1594.00,76512.0,2014-11-01
S15,C102,P13,D44 ,552,300.0,1359.00,19026.0,2014-11-01
S15,C104,P13,D44 ,553,300.0,2150.00,30100.0,2014-11-01
S11,C104,P13,D44 ,554,350.0,1197.00,57456.0,2014-11-01
S12,C104,P13,D44 ,555,15.0,380.00,1216.0,2013-12-01
S11,C104,P13,D44 ,556,20.0,1233.00,9370.8,2014-12-01
S11,C104,P14,D44 ,557,350.0,1395.00,66960.0,2014-07-01
S11,C105,P14,D44 ,558,350.0,986.00,47328.0,2014-10-01
S11,C104,P14,D44 ,559,20.0,905.00,6878.0,2014-10-01
S13,C101,P15,D44 ,560,12.0,2109.00,15944.04,2014-05-01
S12,C103,P15,D44 ,561,15.0,3874.50,12398.4,2014-07-01
S11,C101,P15,D44 ,562,350.0,623.00,29904.0,2013-09-01
S11,C105,P15,D44 ,563,350.0,986.00,47328.0,2014-10-01
S14,C105,P15,D44 ,564,125.0,2387.00,23870.0,2014-11-01
S11,C104,P15,D44 ,565,20.0,1233.00,9370.8,2014-12-01
S11,C105,P16,D44 ,566,350.0,270.00,12960.0,2014-02-01
S11,C103,P16,D44 ,567,7.0,3421.50,3968.94,2014-07-01
S11,C101,P16,D44 ,568,7.0,2734.00,3171.44,2014-10-01
S12,C105,P16,D44 ,569,15.0,2548.00,8153.6,2013-11-01
S11,C103,P11,D44 ,570,20.0,2521.50,19163.4,2014-01-01
S13,C104,P12,D44 ,571,12.0,2661.00,20117.16,2014-05-01
S11,C102,P13,D44 ,572,20.0,1531.00,11635.6,2014-12-01
S11,C103,P15,D44 ,573,7.0,1491.00,1729.56,2014-03-01
S11,C102,P15,D44 ,574,20.0,1531.00,11635.6,2014-12-01
S13,C101,P16,D44 ,575,12.0,2761.00,20873.16,2013-09-01
S12,C105,P11,D44 ,576,15.0,2567.00,7829.35,2014-06-01
S12,C105,P15,D44 ,577,15.0,2567.00,7829.35,2014-06-01
S11,C101,P11,D44 ,578,350.0,923.00,41073.5,2014-03-01
S11,C103,P11,D44 ,579,350.0,1790.00,79655.0,2014-03-01
S11,C102,P11,D44 ,580,20.0,442.00,3270.8,2013-09-01
S11,C105,P12,D44 ,581,350.0,982.50,43721.25,2014-01-01
S11,C105,P12,D44 ,582,7.0,1298.00,1414.82,2014-02-01
S13,C104,P12,D44 ,583,12.0,604.00,4493.76,2014-06-01
S11,C104,P12,D44 ,584,20.0,2255.00,16687.0,2014-07-01
S11,C101,P12,D44 ,585,20.0,1249.00,9242.6,2014-10-01
S11,C105,P13,D44 ,586,7.0,1438.50,1567.97,2014-01-01
S15,C102,P13,D44 ,587,300.0,807.00,8877.0,2014-01-01
S11,C105,P13,D44 ,588,20.0,2641.00,19543.4,2014-02-01
S11,C102,P13,D44 ,589,20.0,2708.00,20039.2,2014-02-01
S11,C101,P13,D44 ,590,350.0,2632.00,117124.0,2014-06-01
S14,C101,P13,D44 ,591,125.0,1583.00,17808.75,2014-06-01
S13,C104,P13,D44 ,592,12.0,571.00,4248.24,2014-07-01
S11,C103,P13,D44 ,593,7.0,2696.00,2938.64,2014-08-01
S12,C101,P13,D44 ,594,15.0,1565.00,4773.25,2014-10-01
S11,C101,P13,D44 ,595,20.0,1249.00,9242.6,2014-10-01
S11,C102,P13,D44 ,596,350.0,357.00,15886.5,2014-11-01
S13,C102,P13,D44 ,597,12.0,1013.00,7536.72,2014-12-01
S12,C103,P14,D44 ,598,15.0,3997.50,12192.38,2014-01-01
S11,C101,P14,D44 ,599,350.0,2632.00,117124.0,2014-06-01
S11,C103,P14,D44 ,600,7.0,1190.00,1297.1,2014-06-01
S13,C104,P14,D44 ,601,12.0,604.00,4493.76,2014-06-01
S12,C102,P14,D44 ,602,15.0,660.00,2013.0,2013-09-01
S13,C104,P14,D44 ,603,12.0,410.00,3050.4,2014-10-01
S15,C104,P14,D44 ,604,300.0,2605.00,28655.0,2013-11-01
S13,C102,P14,D44 ,605,12.0,1013.00,7536.72,2014-12-01
S14,C101,P15,D44 ,606,125.0,1583.00,17808.75,2014-06-01
S12,C101,P15,D44 ,607,15.0,1565.00,4773.25,2014-10-01
S14,C101,P16,D44 ,608,125.0,1659.00,18663.75,2014-01-01
S11,C103,P16,D44 ,609,7.0,1190.00,1297.1,2014-06-01
S13,C104,P16,D44 ,610,12.0,410.00,3050.4,2014-10-01
S13,C102,P16,D44 ,611,12.0,1770.00,13168.8,2013-12-01
S11,C104,P11,D44 ,612,20.0,2579.00,18568.8,2014-04-01
S11,C105,P11,D44 ,613,20.0,1743.00,12549.6,2014-05-01
S11,C105,P11,D44 ,614,7.0,2996.00,3055.92,2013-10-01
S11,C102,P11,D44 ,615,7.0,280.00,285.6,2014-12-01
S11,C103,P12,D44 ,616,7.0,293.00,298.86,2014-02-01
S11,C105,P12,D44 ,617,7.0,2996.00,3055.92,2013-10-01
S12,C102,P13,D44 ,618,15.0,278.00,806.2,2014-02-01
S11,C101,P13,D44 ,619,20.0,2428.00,17481.6,2014-03-01
S12,C105,P13,D44 ,620,15.0,1767.00,5124.3,2014-09-01
S13,C103,P13,D44 ,621,12.0,1393.00,10196.76,2014-10-01
S11,C102,P15,D44 ,622,7.0,280.00,285.6,2014-12-01
S13,C103,P16,D44 ,623,12.0,1393.00,10196.76,2014-10-01
S13,C105,P16,D44 ,624,12.0,2015.00,14749.8,2013-12-01
S15,C104,P11,D44 ,625,300.0,801.00,6408.0,2014-07-01
S14,C103,P11,D44 ,626,125.0,1023.00,12787.5,2013-09-01
S15,C101,P11,D44 ,627,300.0,1496.00,11968.0,2014-10-01
S15,C105,P11,D44 ,628,300.0,1010.00,8080.0,2014-10-01
S12,C102,P11,D44 ,629,15.0,1513.00,4387.7,2014-11-01
S12,C101,P11,D44 ,630,15.0,2300.00,6670.0,2014-12-01
S14,C104,P11,D44 ,631,125.0,2821.00,35262.5,2013-12-01
S11,C101,P12,D44 ,632,350.0,2227.50,91327.5,2014-01-01
S11,C102,P12,D44 ,633,350.0,1199.00,49159.0,2014-04-01
S11,C101,P12,D44 ,634,350.0,200.00,8200.0,2014-05-01
S11,C101,P12,D44 ,635,7.0,388.00,395.76,2014-09-01
S11,C104,P12,D44 ,636,7.0,1727.00,1761.54,2013-10-01
S12,C101,P12,D44 ,637,15.0,2300.00,6670.0,2014-12-01
S11,C104,P13,D44 ,638,20.0,260.00,1872.0,2014-02-01
S12,C101,P13,D44 ,639,15.0,2470.00,7163.0,2013-09-01
S12,C101,P13,D44 ,640,15.0,1743.00,5054.7,2013-10-01
S13,C105,P13,D44 ,641,12.0,2914.00,21330.48,2014-10-01
S11,C103,P13,D44 ,642,7.0,1731.00,1765.62,2014-10-01
S11,C101,P13,D44 ,643,350.0,700.00,28700.0,2014-11-01
S13,C101,P13,D44 ,644,12.0,2222.00,16265.04,2013-11-01
S11,C105,P13,D44 ,645,350.0,1177.00,48257.0,2014-11-01
S11,C103,P13,D44 ,646,350.0,1922.00,78802.0,2013-11-01
S14,C104,P14,D44 ,647,125.0,1575.00,19687.5,2014-02-01
S11,C105,P14,D44 ,648,20.0,606.00,4363.2,2014-04-01
S15,C105,P14,D44 ,649,300.0,2460.00,19680.0,2014-07-01
S15,C101,P14,D44 ,650,300.0,269.00,2152.0,2013-10-01
S15,C102,P14,D44 ,651,300.0,2536.00,20288.0,2013-11-01
S11,C104,P15,D44 ,652,7.0,2903.00,2961.06,2014-03-01
S15,C105,P15,D44 ,653,300.0,2541.00,20328.0,2014-08-01
S15,C101,P15,D44 ,654,300.0,269.00,2152.0,2013-10-01
S15,C101,P15,D44 ,655,300.0,1496.00,11968.0,2014-10-01
S15,C105,P15,D44 ,656,300.0,1010.00,8080.0,2014-10-01
S11,C103,P15,D44 ,657,350.0,1281.00,52521.0,2013-12-01
S15,C101,P16,D44 ,658,300.0,888.00,7104.0,2014-03-01
S14,C105,P16,D44 ,659,125.0,2844.00,35550.0,2014-05-01
S13,C103,P16,D44 ,660,12.0,2475.00,18117.0,2014-08-01
S12,C101,P16,D44 ,661,15.0,1743.00,5054.7,2013-10-01
S13,C105,P16,D44 ,662,12.0,2914.00,21330.48,2014-10-01
S11,C103,P16,D44 ,663,7.0,1731.00,1765.62,2014-10-01
S11,C104,P16,D44 ,664,7.0,1727.00,1761.54,2013-10-01
S12,C104,P16,D44 ,665,15.0,1870.00,5423.0,2013-11-01
S14,C103,P11,D44 ,666,125.0,1174.00,16142.5,2014-08-01
S14,C102,P11,D44 ,667,125.0,2767.00,38046.25,2014-08-01
S14,C102,P11,D44 ,668,125.0,1085.00,14918.75,2014-10-01
S15,C104,P12,D44 ,669,300.0,546.00,2730.0,2014-10-01
S11,C102,P13,D44 ,670,20.0,1158.00,8106.0,2014-03-01
S12,C101,P13,D44 ,671,15.0,1614.00,4438.5,2014-04-01
S11,C104,P13,D44 ,672,7.0,2535.00,2408.25,2014-04-01
S11,C104,P13,D44 ,673,350.0,2851.00,106912.5,2014-05-01
S12,C101,P13,D44 ,674,15.0,2559.00,7037.25,2014-08-01
S11,C105,P13,D44 ,675,20.0,267.00,1869.0,2013-10-01
S14,C102,P13,D44 ,676,125.0,1085.00,14918.75,2014-10-01
S12,C102,P13,D44 ,677,15.0,1175.00,3231.25,2014-10-01
S11,C105,P13,D44 ,678,350.0,2007.00,75262.5,2013-11-01
S11,C104,P13,D44 ,679,350.0,2151.00,80662.5,2013-11-01
S13,C105,P13,D44 ,680,12.0,914.00,6580.8,2014-12-01
S11,C103,P13,D44 ,681,20.0,293.00,2051.0,2014-12-01
S13,C104,P14,D44 ,682,12.0,500.00,3600.0,2014-03-01
S12,C103,P14,D44 ,683,15.0,2826.00,7771.5,2014-05-01
S14,C103,P14,D44 ,684,125.0,663.00,9116.25,2014-09-01
S15,C105,P14,D44 ,685,300.0,2574.00,12870.0,2013-11-01
S14,C105,P14,D44 ,686,125.0,2438.00,33522.5,2013-12-01
S13,C105,P14,D44 ,687,12.0,914.00,6580.8,2014-12-01
S11,C101,P15,D44 ,688,20.0,865.50,6058.5,2014-07-01
S12,C102,P15,D44 ,689,15.0,492.00,1353.0,2014-07-01
S11,C105,P15,D44 ,690,20.0,267.00,1869.0,2013-10-01
S12,C102,P15,D44 ,691,15.0,1175.00,3231.25,2014-10-01
S14,C101,P15,D44 ,692,125.0,2954.00,40617.5,2013-11-01
S14,C102,P15,D44 ,693,125.0,552.00,7590.0,2014-11-01
S11,C103,P15,D44 ,694,20.0,293.00,2051.0,2014-12-01
S15,C103,P16,D44 ,695,300.0,2475.00,12375.0,2014-03-01
S15,C104,P16,D44 ,696,300.0,546.00,2730.0,2014-10-01
S11,C104,P12,D44 ,697,7.0,1368.00,1299.6,2014-02-01
S11,C101,P13,D44 ,698,7.0,723.00,686.85,2014-04-01
S13,C105,P15,D44 ,699,12.0,1806.00,13003.2,2014-05-01
